"Title","Player","Rating | Ranking","Federation"
"GM","Magnus Carlsen","2830 | #1","Norway"
"GM","Fabiano Caruana","2804 | #2","United States"
"GM","Hikaru Nakamura","2788 | #3","United States"
"GM","Ding Liren","2780 | #4","China"
"GM","Alireza Firouzja","2759 | #5","France"
"GM","Ian Nepomniachtchi","2758 | #6","Russia"
"GM","Wesley So","2757 | #7","United States"
"GM","Wei Yi","2755 | #8","China"
"GM","Leinier Dominguez Perez","2752 | #9","United States"
"GM","Sergey Karjakin","2750 | #10","Russia"
"GM","Anish Giri","2749 | #11","Netherlands"
"GM","Viswanathan Anand","2748 | #12","India"
"GM","Teimour Radjabov","2747 | #13","Azerbaijan"
"GM","Vidit Santosh Gujrathi","2747 | #13","India"
"GM","Praggnanandhaa Rameshbabu","2747 | #13","India"
"GM","Vincent Keymer","2743 | #16","Germany"
"GM","Parham Maghsoodloo","2740 | #17","Iran"
"GM","Arjun Erigaisi","2738 | #18","India"
"GM","Alexander Grischuk","2732 | #19","Russia"
"GM","Maxime Vachier-Lagrave","2732 | #19","France"
"GM","Jan-Krzysztof Duda","2732 | #19","Poland"
"GM","Le Quang Liem","2731 | #22","Vietnam"
"GM","Veselin Topalov","2727 | #23","Bulgaria"
"GM","Nodirbek Abdusattorov","2727 | #23","Uzbekistan"
"GM","Levon Aronian","2725 | #26","United States"
"GM","Levon Aronian","2725 | #26","United States"
"GM","Gukesh Dommaraju","2725 | #26","India"
"GM","Yu Yangyi","2720 | #28","China"
"GM","Richard Rapport","2717 | #29","Romania"
"GM","Francisco Vallejo Pons","2712 | #30","Spain"
"GM","Vladislav Artemiev","2711 | #31","Russia"
"GM","Samuel Shankland","2708 | #32","United States"
"GM","Daniil Dubov","2708 | #32","Russia"
"GM","Nikita Vitiugov","2704 | #34","England"
"GM","Pentala Harikrishna","2704 | #34","India"
"GM","Pavel Eljanov","2704 | #34","Ukraine"
"GM","Jorden van Foreest","2704 | #34","Netherlands"
"GM","Andrey Esipenko","2704 | #34","FIDE"
"GM","Wang Hao","2702 | #39","China"
"GM","Sanan Sjugirov","2702 | #39","Hungary"
"GM","Ray Robson","2701 | #41","United States"
"GM","Sam Sevian","2698 | #42","United States"
"GM","Amin Tabatabaei","2696 | #43","Iran"
"GM","David Navara","2695 | #44","Czech Republic"
"GM","Evgeny Tomashevsky","2694 | #45","Russia"
"GM","Jeffery Xiong","2693 | #46","United States"
"GM","Gabriel Sargissian","2692 | #47","Armenia"
"GM","Vladimir Fedoseev","2690 | #48","Slovenia"
"GM","Bogdan-Daniel Deac","2690 | #48","Romania"
"GM","Rustam Kasimdzhanov","2688 | #50","Uzbekistan"
"GM","Peter Svidler","2688 | #50","FIDE"
"GM","Alexey Sarana","2685 | #52","Serbia"
"GM","Nihal Sarin","2684 | #53","India"
"GM","Etienne Bacrot","2683 | #54","France"
"GM","Grigoriy Oparin","2681 | #55","United States"
"GM","Radoslaw Wojtaszek","2679 | #56","Poland"
"GM","Haik Martirosyan","2678 | #57","Armenia"
"GM","Maxim Matlakov","2677 | #68","Russia"
"GM","David Howell","2675 | #58","England"
"GM","Kirill Shevchenko","2675 | #58","Romania"
"GM","Michael Adams","2674 | #60","England"
"GM","Nils Grandelius","2673 | #61","Sweden"
"GM","Bu Xiangzhi","2671 | #62","China"
"GM","David Anton Guijarro","2670 | #63","Spain"
"GM","Alexei Shirov","2668 | #64","Spain"
"GM","Peter Leko","2666 | #65","Hungary"
"GM","Boris Gelfand","2664 | #66","Israel"
"GM","Anton Korobov","2663 | #67","Ukraine"
"GM","Aravindh Chithambaram","2662 | #68","India"
"GM","Saleh Salem","2661 | #70","United Arab Emirates"
"GM","Bassem Amin","2661 | #70","Egypt"
"GM","Andrei Volokitin","2661 | #70","Ukraine"
"GM","Jules Moussard","2661 | #70","France"
"GM","Hans Moke Niemann","2660 | #74","United States"
"GM","Wang Yue","2659 | #75","China"
"GM","Javokhir Sindarov","2659 | #75","Uzbekistan"
"GM","Ernesto Inarkiev","2658 | #77","FIDE"
"GM","Ivan Saric","2657 | #78","Croatia"
"GM","Mateusz Bartel","2657 | #78","Poland"
"GM","Narayanan Sunilduth Lyna","2656 | #80","India"
"GM","Jaime Santos Latasa","2656 | #80","Spain"
"GM","Matthias Bluebaum","2655 | #82","Germany"
"GM","Alexandr Predke","2651 | #83","Serbia"
"GM","Li Chao","2651 | #83","China"
"GM","Ni Hua","2651 | #83","China"
"GM","Rauf Mamedov","2651 | #83","Azerbaijan"
"GM","Arkadij Naiditsch","2651 | #83","Azerbaijan"
"GM","Ma Qun","2651 | #83","China"
"GM","Ruslan Ponomariov","2650 | #89","Ukraine"
"GM","Kirill Alekseenko","2650 | #89","Austria"
"GM","Yuriy Kryvoruchko","2650 | #89","Ukraine"
"GM","Hrant Melkumyan","2650 | #89","Armenia"
"GM","Vladimir Malakhov","2648 | #93","FIDE"
"GM","Evgeniy Najer","2648 | #93","FIDE"
"GM","Nijat Abasov","2646 | #95","Azerbaijan"
"GM","Loek van Wely","2644 | #96","Netherlands"
"GM","Karen H Grigoryan","2643 | #97","Armenia"
"GM","Alexander Donchenko","2643 | #97","Germany"
"GM","Maxime Lagarde","2642 | #99","France"
"GM","Alan Pichot","2642 | #99","Spain"
"GM","Jonas Buhl Bjerre","2641 | #101","Denmark"
"GM","Nguyen Ngoc Truong Son","2641 | #101","Vietnam"
"GM","Dariusz Swiercz","2640 | #103","United States"
"GM","Awonder Liang","2640 | #103","United States"
"GM","Shant Sargsyan","2639 | #105","Armenia"
"GM","Ante Brkic","2638 | #106","Croatia"
"GM","Ivan Cheparinov","2638 | #106","Bulgaria"
"GM","Laurent Fressinet","2637 | #108","France"
"GM","Thai Dai Van Nguyen","2637 | #108","Czech Republic"
"GM","Gadir Guseinov","2636 | #110","Azerbaijan"
"GM","Frederik Svane","2634 | #111","Germany"
"GM","Mustafa Yilmaz","2634 | #111","Türkiye"
"GM","Max Warmerdam","2633 | #113","Netherlands"
"GM","Benjamin Gledura","2633 | #113","Hungary"
"GM","Hou Yifan","2632 | #115","China"
"GM","Dmitrij Kollars","2632 | #115","Germany"
"GM","Tamir Nabaty","2632 | #115","Israel"
"GM","Rasmus Svane","2631 | #118","Germany"
"GM","Volodar Murzin","2631 | #118","FIDE"
"GM","Nodirbek Yakubboev","2630 | #120","Uzbekistan"
"GM","Aryan Chopra","2630 | #120","India"
"GM","Aryan Tari","2629 | #122","Norway"
"GM","Georg Meier","2629 | #122","Uruguay"
"GM","Johan-Sebastian Christiansen","2629 | #122","Norway"
"GM","Leon Luke Mendonca","2628 | #125","India"
"GM","Ioannis Papaioannou","2628 | #125","Greece"
"GM","Julio E Granda Zuniga","2628 | #125","Peru"
"GM","Leon Luke Mendonca","2628 | #125","India"
"GM","Konstantin Landa","","Russia"
"GM","Vasif Durarbayli","2627 | #129","Azerbaijan"
"GM","Erwin l'Ami","2627 | #129","Netherlands"
"GM","Luka Lenic","2627 | #129","Slovenia"
"GM","Luke McShane","2626 | #143","England"
"GM","Markus Ragger","2624 | #132","Austria"
"GM","Yaroslav Zherebukh","2624 | #132","United States"
"GM","Raunak Sadhwani","2624 | #132","India"
"GM","Vasyl Ivanchuk","2623 | #135","Ukraine"
"GM","Gata Kamsky","2623 | #135","United States"
"GM","Maksim Chigaev","2622 | #137","Spain"
"GM","Illya Nyzhnyk","2621 | #138","Ukraine"
"GM","Tamas Banusz","2621 | #138","Hungary"
"GM","Benjamin Bok","2621 | #138","Netherlands"
"GM","Daniel Naroditsky","2619 | #141","United States"
"GM","Vladimir Onischuk","2619 | #141","Ukraine"
"GM","Gawain Jones","2618 | #143","England"
"GM","Jakhongir Vakhidov","2618 | #143","Uzbekistan"
"GM","Jan Gustafsson","2618 | #143","Germany"
"GM","Parimarjan Negi","2617 | #147","India"
"GM","Imre Balog","2617 | #147","Hungary"
"GM","Niclas Huschenbeth","2617 | #147","Germany"
"GM","Alexander Areshchenko","2616 | #150","Ukraine"
"GM","Alexander Riazantsev","2616 | #150","Russia"
"GM","Aram Hakobyan","2616 | #150","Armenia"
"GM","Mads Andersen","2615 | #153","Denmark"
"GM","Aleksandr Rakhmanov","2614 | #154","FIDE"
"GM","Jorge Cori","2613 | #155","Peru"
"GM","Ferenc Berkes","2613 | #155","Hungary"
"GM","Jon Ludvig Hammer","2612 | #157","Norway"
"GM","Robert Hovhannisyan","2611 | #159","Armenia"
"GM","Lu Shanglei","2611 | #159","China"
"GM","Abhimanyu Puranik","2611 | #159","India"
"GM","Evgeny Bareev","","Canada"
"GM","Eric Hansen","2610 | #162","Canada"
"GM","Jose Eduardo Martinez Alcantara","2610 | #162","Peru"
"GM","Karthikeyan Murali","2610 | #162","India"
"GM","Manuel Petrosyan","2610 | #162","Armenia"
"GM","Sergei Movsesian","2610 | #162","Armenia"
"GM","Karthik Venkataraman","2609 | #167","India"
"GM","Daniele Vocaturo","2609 | #167","Italy"
"GM","Samvel Ter-Sahakyan","2609 | #167","Armenia"
"GM","Anton Demchenko","2609 | #167","Slovenia"
"GM","Xu Xiangyu","2608 | #171","China"
"GM","Oleksandr Bortnyk","2608 | #171","Ukraine"
"GM","Ivan Salgado Lopez","2608 | #171","Spain"
"GM","Aleksey Dreev","2606 | #174","Russia"
"GM","Maxim Rodshtein","2606 | #174","Israel"
"GM","Christopher Yoo","2606 | #174","United States"
"GM","Abhijeet Gupta","2605 | #177","India"
"GM","Yuriy Kuzubov","2605 | #177","Ukraine"
"GM","Mikhail Al Antipov","2604 | #179","FIDE"
"GM","Krishnan Sasikiran","2604 | #179","India"
"GM","Vadim Milov","2604 | #179","Switzerland"
"GM","Viktor Laznicka","2603 | #182","Czech Republic"
"GM","Carlos Daniel Albornoz Cabrera","2603 | #182","Cuba"
"GM","Jiangchuan Ye","2603 | #182","China"
"GM","Vladimir Akopian","2602 | #185","United States"
"GM","Daniel Dardha","2602 | #185","Belgium"
"GM","Pouya Idani","2602 | #185","Iran"
"GM","Alexander Motylev","2602 | #185","Romania"
"GM","Jacek Tomczak","2601 | #189","Poland"
"GM","Miguel Illescas Cordoba","2600 | #190","Spain"
"GM","Liviu-Dieter Nisipeanu","2600 | #190","Romania"
"GM","Temur Kuybokarov","2600 | #190","Australia"
"GM","Eltaj Safarli","2600 | #190","Azerbaijan"
"GM","Eduardo Iturrizaga Bonelli","2600 | #190","Spain"
"GM","Stepan Zilka","2600 | #190","Czech Republic"
"GM","Adam Kozak","2600 | #190","Hungary"
"GM","David Baramidze","2600 | #190","Germany"
"GM","Dragan Solak","2598 | #198","Türkiye"
"GM","Rinat Jumabayev","2598 | #198","Kazakhstan"
"GM","Kacper Piorun","2597 | #200","Poland"
"GM","Alexander Khalifman","","FIDE"
"GM","Ahmed Adly","2597 | #200","Egypt"
"GM","Bardiya Daneshvar","2597 | #200","Iran"
"GM","David Paravyan","2597 | #200","FIDE"
"GM","Shamsiddin Vokhidov","2597 | #200","Uzbekistan"
"GM","Lazaro Bruzon Batista","2597 | #200","United States"
"GM","Emil Sutovsky","2597 | #200","Israel"
"GM","Sergei Azarov","2596 | #207","FIDE"
"GM","Robert Markus","2596 | #207","Serbia"
"GM","Aleksandar Indjic","2595 | #209","Serbia"
"GM","Arman Pashikian","2594 | #210","Armenia"
"GM","Daniil Yuffa","2594 | #210","Spain"
"GM","Zhou Weiqi","2593 | #212","China"
"GM","Arik Braun","2593 | #212","Germany"
"GM","Valery Kazakouski","2593 | #212","Lithuania"
"GM","Nigel Short","2592 | #215","England"
"GM","Mikhailo Oleksienko","2592 | #215","Ukraine"
"GM","Vahap Sanal","2591 | #217","Türkiye"
"GM","Baadur Jobava","2591 | #217","Georgia"
"GM","Cristobal Henriquez Villagra","2591 | #217","Chile"
"GM","Ferdinand Hellers","","Sweden"
"GM","Ivan Sokolov","2591 | #217","Netherlands"
"GM","Szymon Gumularz","2591 | #217","Poland"
"GM","S P Sethuraman","2591 | #217","India"
"GM","Szymon Gumularz","2591 | #217","Poland"
"GM","Tomas Laurusas","2590 | #224","Lithuania"
"GM","Evgenij Miroshnichenko","2589 | #225","Ukraine"
"GM","Constantin Lupulescu","2589 | #225","Romania"
"GM","Sandro Mareco","2589 | #225","Argentina"
"GM","Konstantin Tarlev","2589 | #225","Ukraine"
"GM","Dennis Wagner","2589 | #225","Germany"
"GM","Miguel Santos Ruiz","2589 | #225","Spain"
"GM","Igor Lysyj","2589 | #225","FIDE"
"GM","Suri Vaibhav","2588 | #232","India"
"GM","Tigran Gharamian","2588 | #232","France"
"GM","Yasser Quesada Perez","2588 | #232","Cuba"
"GM","Daniel Fridman","2588 | #232","Germany"
"GM","Aditya Mittal","2588 | #232","India"
"GM","V Pranav","2588 | #232","India"
"GM","Arturs Neiksans","2587 | #238","Latvia"
"GM","Aydin Suleymanli","2586 | #239","Azerbaijan"
"IM","Pawel Teclaf","2586 | #239","Poland"
"GM","Anton Smirnov","2586 | #239","Australia"
"GM","Yuri Kruppa","2586 | #239","Ukraine"
"GM","Nikolas Theodorou","2586 | #239","Greece"
"GM","Bai Jinshi","2586 | #239","China"
"GM","Victor Bologan","","Moldova"
"GM","Gergely Antal","2585 | #245","Hungary"
"GM","Boris Grachev","2585 | #245","Russia"
"GM","Victor Bologan","","Moldova"
"GM","Abhimanyu Mishra","2585 | #245","United States"
"GM","Denis Kadric","2584 | #249","Montenegro"
"GM","Giovanni Vescovi","2584 | #249","Brazil"
"GM","John M Burke","2584 | #249","United States"
"GM","Pavel Ponkratov","2582 | #252","Russia"
"GM","Peter Acs","2582 | #252","Hungary"
"GM","Peter Michalik","2582 | #252","Czech Republic"
"GM","Luis Paulo Supi","2582 | #252","Brazil"
"GM","Valentin Dragnev","2582 | #252","Austria"
"GM","Nidjat Mamedov","2582 | #252","Azerbaijan"
"GM","Fernando Peralta","2582 | #252","Argentina"
"GM","Zaven Andriasian","2581 | #259","Armenia"
"GM","Matthieu Cornette","2581 | #259","France"
"GM","Peter Prohaszka","2581 | #259","Hungary"
"GM","Rustem Dautov","2581 | #259","Germany"
"GM","Jergus Pechac","2580 | #263","Slovakia"
"GM","Vladislav Kovalev","2579 | #264","FIDE"
"GM","Alexander Moiseenko","2579 | #264","Ukraine"
"GM","Denis Khismatullin","2579 | #264","Russia"
"GM","Dmitry Kokarev","2579 | #264","Russia"
"GM","Dimitri Reinderman","2578 | #268","Netherlands"
"GM","Vadim Zvjaginsev","2578 | #268","Russia"
"GM","Axel Bachmann","2578 | #268","Paraguay"
"GM","Surya Shekhar Ganguly","2578 | #268","India"
"GM","Dimitri Reinderman","2578 | #268","Netherlands"
"GM","Dimitrios Mastrovasilis","2577 | #273","Greece"
"GM","Wojciech Moranda","2576 | #274","Poland"
"GM","Artyom Timofeev","2576 | #274","Russia"
"GM","Geetha Narayanan Gopal","2575 | #276","India"
"GM","Guillermo Vazquez","2575 | #276","Paraguay"
"GM","Michael Roiz","2575 | #276","Israel"
"GM","Wen Yang","2574 | #279","China"
"GM","Yan Liu","2574 | #279","China"
"GM","Ilya Smirin","2574 | #279","Israel"
"GM","Jingyao Tin","2573 | #282","Singapore"
"GM","Manuel Perez Candelario","2573 | #282","Spain"
"GM","Luca Moroni Jr","2573 | #282","Italy"
"GM","Ruben Felgaer","","Argentina"
"GM","Sergei Zhigalko","","Belarus"
"GM","Marc Andria Maurizzi","2572 | #285","France"
"GM","Viorel Iordachescu","2572 | #285","Moldova"
"GM","Varuzhan Akobian","2571 | #287","United States"
"GM","Bobby Cheng","2571 | #287","Australia"
"GM","Zhao Jun","2571 | #287","China"
"GM","Zeng Chongsheng","2571 | #287","China"
"GM","Martin Kraemer","2570 | #291","Germany"
"GM","Alejandro Ramirez","2570 | #291","United States"
"GM","Evgeny Postny","2570 | #291","Israel"
"GM","John Nunn","2569 | #294","England"
"GM","John Nunn","2569 | #294","England"
"GM","Arseniy Nesterov","2569 | #294","FIDE"
"GM","Andrey Baryshpolets","2569 | #294","Ukraine"
"GM","Brandon Jacobson","2569 | #294","United States"
"GM","Simen Agdestein","2568 | #299","Norway"
"GM","Diptayan Ghosh","2568 | #299","India"
"GM","Konstantin Sakaev","2568 | #299","Russia"
"GM","Velimir Ivic","2567 | #302","Serbia"
"GM","Pavel V Tregubov","2567 | #302","France"
"GM","Tuan Minh Le","2567 | #302","Vietnam"
"GM","Yusnel Bacallao Alonso","2567 | #302","Cuba"
"GM","Viktor Gazik","2567 | #302","Slovakia"
"GM","Antonios Pavlidis","2566 | #307","Greece"
"GM","Zahar Efimenko","2566 | #307","Ukraine"
"GM","Aleksandr Shimanov","2566 | #307","Russia"
"GM","Denis Lazavik","2566 | #307","Belarus"
"GM","Vitaliy Bernadskiy","2566 | #307","Ukraine"
"GM","Borki Predojevic","2565 | #312","Bosnia-Herzegovina"
"GM","Gregory Kaidanov","2565 | #312","United States"
"GM","Erik van den Doel","2565 | #312","Netherlands"
"GM","Semyon Lomasov","2565 | #312","Israel"
"GM","Harsha Bharathakoti","2565 | #312","India"
"GM","Francesco Sonis","2564 | #317","Italy"
"GM","Vladimir Potkin","2564 | #317","Russia"
"GM","Levan Pantsulaia","2564 | #317","Georgia"
"GM","Evgeny Alekseev","2563 | #320","Israel"
"GM","Emilio Cordova","2563 | #320","Peru"
"GM","Rainer Buhmann","2563 | #320","Germany"
"GM","Li Di","2563 | #320","China"
"GM","Alvar Alonso Rosell","2562 | #324","Spain"
"GM","Merab Gagunashvili","2562 | #324","Georgia"
"GM","Jure Borisek","2562 | #324","Slovenia"
"GM","Hristos Banikas","2561 | #327","Greece"
"GM","Tomi Nyback","2561 | #327","Finland"
"GM","Vugar Asadli","2560 | #329","Azerbaijan"
"IM","Ediz Gurel","2560 | #329","Türkiye"
"GM","Evgeny Romanov","2559 | #331","Norway"
"GM","Jose Carlos Ibarra Jerez","2559 | #331","Spain"
"GM","Liam Vrolijk","2558 | #333","Netherlands"
"GM","Timur Gareyev","2558 | #333","United States"
"GM","Zhou Jianchao","2558 | #333","China"
"GM","Christian Bauer","2558 | #333","France"
"GM","Sasa Martinovic","2558 | #333","Croatia"
"GM","Semen Khanin","2558 | #333","Russia"
"GM","Mikhail Gurevich","2558 | #333","Belgium"
"GM","Leon Livaic","2557 | #340","Croatia"
"GM","Tomas Sosa","2556 | #341","Argentina"
"GM","Mircea-Emilian Parligras","2556 | #341","Romania"
"GM","Platon Galperin","2556 | #341","Sweden"
"GM","Luis Engel","2556 | #341","Germany"
"IM","Elham Amar","2555 | #345","Norway"
"GM","Viktor Matviishen","2555 | #345","Ukraine"
"IM","Dominik Horvath","2555 | #345","Austria"
"GM","Sergei Ovsejevitsch","2555 | #345","Ukraine"
"GM","Daniel Forcen Esteban","2555 | #345","Spain"
"GM","Grzegorz Gajewski","2555 | #345","Poland"
"GM","Oliver Mihok","2555 | #345","Hungary"
"GM","Humpy Koneru","2554 | #352","India"
"GM","Krikor Sevag Mekhitarian","2554 | #352","Brazil"
"GM","Zhang Pengxiang","2554 | #352","China"
"GM","Julio Catalino Sadorra","2554 | #352","Philippines"
"GM","Mahammad Muradli","2554 | #352","Azerbaijan"
"GM","Bojan Vuckovic","2554 | #352","Serbia"
"GM","Viktor Erdos","2554 | #352","Hungary"
"GM","Csaba Balogh","2554 | #352","Hungary"
"GM","Aleksandra Goryachkina","2553 | #360","Russia"
"GM","Evgeny Agrest","2553 | #360","Sweden"
"GM","Kamil Dragun","2553 | #360","Poland"
"GM","Misratdin Iskandarov","2553 | #360","Azerbaijan"
"GM","Srinath Narayanan","2552 | #364","India"
"GM","Maxim Turov","2552 | #364","Russia"
"GM","Maksim Vavulin","2552 | #364","FIDE"
"GM","Klementy Sychev","2552 | #364","FIDE"
"GM","Bartosz Socko","2551 | #368","Poland"
"GM","Nikita Petrov","2551 | #368","Montenegro"
"GM","Alojzije Jankovic","2550 | #371","Croatia"
"GM","Lei Tingjie","2550 | #371","China"
"GM","Sergey A Fedorchuk","2550 | #371","Ukraine"
"GM","Ju Wenjun","2549 | #374","China"
"GM","Helgi Dam Ziska","2549 | #374","Faroe Islands"
"GM","Alexandr Fier","2549 | #374","Brazil"
"GM","Iegor Krivoborodov","2549 | #374","Germany"
"GM","Vugar Rasulov","2549 | #374","Azerbaijan"
"GM","Andreas Heimann","2549 | #374","Germany"
"GM","Marin Bosiocic","2549 | #374","Croatia"
"GM","Sebastien Feller","2549 | #374","France"
"GM","Zbynek Hracek","2549 | #374","Czech Republic"
"GM","Hrvoje Stevic","2549 | #374","Croatia"
"GM","Sebastien Maze","2548 | #384","France"
"GM","Tigran L Petrosian","2548 | #384","Armenia"
"GM","Kiril Georgiev","2548 | #384","North Macedonia"
"GM","Lorenzo Lodici","2548 | #384","Italy"
"GM","Aleksey Sorokin","2547 | #388","Russia"
"GM","Ilia Iljiushenok","2547 | #388","FIDE"
"GM","Robert Kempinski","2547 | #388","Poland"
"GM","Nico Georgiadis","2547 | #388","Switzerland"
"GM","Stamatis Kourkoulos-Arditis","2547 | #388","Greece"
"GM","Bart Michiels","2547 | #388","Belgium"
"GM","Bartlomiej Heberla","2546 | #394","Poland"
"GM","Koustav Chatterjee","2546 | #394","India"
"GM","Mikhail Demidov","2546 | #394","FIDE"
"GM","Jan Smeets","2545 | #397","Netherlands"
"GM","Bence Korpa","2544 | #398","Hungary"
"GM","Nikita Meshkovs","2544 | #398","Latvia"
"GM","Grzegorz Nasuta","2544 | #398","Poland"
"GM","Imre Jr Hera","2544 | #398","Hungary"
"GM","Luis Ernesto Quesada Perez","2544 | #398","Cuba"
"GM","Andrey Rychagov","2543 | #403","Russia"
"GM","Sergey Grigoriants","2543 | #403","Hungary"
"GM","Sergei Tiviakov","2543 | #403","Netherlands"
"GM","Nitzan Steinberg","2543 | #403","Israel"
"GM","Kateryna Lagno","2542 | #407","Russia"
"GM","Jesper Sondergaard Thybo","2542 | #407","Denmark"
"GM","Mikhail Kobalia","2542 | #407","FIDE"
"GM","Adhiban Baskaran","2541 | #410","India"
"GM","Leandro Krysa","2541 | #410","Argentina"
"IM","Aronyak Ghosh","2541 | #410","India"
"GM","Nikita Afanasiev","2541 | #410","Russia"
"GM","Ori Kobo","2541 | #410","Israel"
"GM","Tamaz Gelashvili","2541 | #410","Georgia"
"GM","Zhamsaran Tsydypov","2540 | #416","Russia"
"GM","Milos Perunovic","2540 | #416","Serbia"
"GM","Krikor Sevag Mekhitarian","2540 | #352","Brazil"
"GM","Daniil Lintchevski","2540 | #416","Russia"
"GM","Zhamsaran Tsydypov","2540 | #416","Russia"
"GM","Cemil Can Ali Marandi","2540 | #416","Türkiye"
"GM","Liu Qingnan","2540 | #416","China"
"GM","Visakh N R","2540 | #416","India"
"GM","Davorin Kuljasevic","2539 | #424","Croatia"
"GM","Andrew Z Hong","2539 | #424","United States"
"GM","Levan Aroshidze","2538 | #426","Spain"
"GM","Wouter Spoelman","","Netherlands"
"GM","Sebastian Bogner","2538 | #426","Switzerland"
"GM","Li Min Peng","2538 | #426","Ukraine"
"GM","Roeland Pruijssers","2538 | #426","Netherlands"
"GM","Pavel Smirnov","2538 | #426","Russia"
"IM","Bjorn Moller Ochsner","2537 | #431","Denmark"
"GM","Robert Fontaine","2537 | #431","Switzerland"
"GM","Jure Skoberne","2537 | #431","Slovenia"
"IM","Dmitry Obolenskikh","2536 | #434","Russia"
"IM","Martin Nayhebaver","2536 | #434","Slovakia"
"GM","Nicholas Pert","2536 | #434","England"
"GM","Dr Florian Handke","2536 | #434","Germany"
"GM","Jan-Christian Schroeder","2536 | #434","Germany"
"GM","Jonathan Rowson","2536 | #434","Scotland"
"IM","Aleksey Grebnev","2535 | #440","FIDE"
"GM","Sipke Ernst","2535 | #440","Netherlands"
"GM","Vlastimil Babula","2535 | #440","Czech Republic"
"GM","Adam Tukhaev","2534 | #443","Ukraine"
"IM","Christopher Noe","2534 | #443","Germany"
"GM","Yuri Vovk","2534 | #443","Ukraine"
"GM","Titas Stremavicius","2534 | #443","Lithuania"
"GM","Gao Rui","","China"
"GM","Alexander Huzman","2534 | #443","Israel"
"GM","Gleb Dudin","2533 | #448","Hungary"
"GM","Matthias Wahls","2533 | #448","Germany"
"GM","Patrick Wolff","2533 | #448","United States"
"GM","Mert Yilmazyerli","2533 | #448","Türkiye"
"GM","Michal Krasenkow","2533 | #448","Poland"
"GM","Tomasz Warakomski","2533 | #448","Poland"
"GM","Felix Blohberger","2533 | #448","Austria"
"GM","Vladimir Baklan","2532 | #455","Ukraine"
"GM","Zdenko Kozul","2531 | #456","Croatia"
"GM","Gergely Kantor","2531 | #456","Hungary"
"GM","Robert Ruck","2531 | #456","Hungary"
"GM","Predrag Nikolic","2531 | #456","Bosnia-Herzegovina"
"GM","Axel Rombaldoni","","Italy"
"IM","Jan Klimkowski","2531 | #456","Poland"
"GM","Xu Yinglun","2531 | #456","China"
"GM","Ivan Rozum","2531 | #456","Russia"
"GM","Allan Stig Rasmussen","2531 | #456","Denmark"
"GM","Krzysztof Bulski","","Poland"
"GM","Josif Dorfman","2531 | #456","France"
"GM","Zdenko Kozul","2531 | #456","Croatia"
"GM","Jan Krejci","2530 | #466","Czech Republic"
"GM","Hjorvar Steinn Gretarsson","2530 | #466","Iceland"
"GM","Ioan-Cristian Chirila","2530 | #466","Romania"
"GM","Gabor Papp","2530 | #466","Hungary"
"GM","Alexander Graf","2530 | #466","Germany"
"GM","Vadim Moiseenko","2529 | #471","Russia"
"GM","Arthur Guo","2529 | #471","United States"
"GM","Anton Shomoev","2529 | #471","Russia"
"GM","Hannes Stefansson","2529 | #471","Iceland"
"GM","Nikola Djukic","2529 | #471","Montenegro"
"IM","Anthony He","2529 | #471","United States"
"GM","Pranav Anand","2529 | #471","India"
"GM","Pierre Laurent-Paoli","2529 | #471","France"
"GM","Avital Boruchovsky","2528 | #479","Israel"
"GM","Dambasuren Batsuren","2528 | #479","Mongolia"
"GM","Jaan Ehlvest","","United States"
"GM","Yuri Yakovich","2528 | #479","Russia"
"GM","Federico Perez Ponsa","2527 | #482","Argentina"
"GM","Romain Edouard","2527 | #482","France"
"GM","Hichem Hamdouchi","2527 | #482","Morocco"
"GM","Sergey Erenburg","2527 | #482","United States"
"GM","Felipe De Cresce el Debs","2527 | #482","Brazil"
"GM","Leonardo Tristan","2526 | #487","Argentina"
"","Valery Sviridov","2526 | #487","Russia"
"GM","Jaime Alexander Cuartas","2526 | #487","Colombia"
"GM","Vladimir Zakhartsov","2525 | #492","Russia"
"GM","M R Babu Lalith","2525 | #492","India"
"GM","Jiri Stocek","2525 | #492","Czech Republic"
"IM","Rudik Makarian","2525 | #492","FIDE"
"GM","Paulius Pultinevicius","2525 | #492","Lithuania"
"GM","Kaido Kulaots","2525 | #492","Estonia"
"GM","Jonas Lampert","2525 | #492","Germany"
"","Xiongjian Peng","2525 | #492","China"
"GM","Zoran Jovanovic","2525 | #492","Croatia"
"GM","Daniel Howard Fernandez","2525 | #492","England"
"GM","Alberto David","2525 | #492","Italy"
"GM","Costica-Ciprian Nanu","2524 | #503","Romania"
"GM","Elshan Moradiabadi","2524 | #503","United States"
"IM","Yagiz Kaan Erdogmus","2524 | #503","Türkiye"
"GM","Jan Bernasek","2524 | #503","Czech Republic"
"GM","Jorge Viterbo Ferreira","2523 | #507","Portugal"
"GM","Tan Zhongyi","2523 | #507","China"
"GM","Tigran K Harutyunian","2523 | #507","Armenia"
"GM","Andrew Tang","2523 | #507","United States"
"GM","David Gavrilescu","2523 | #507","Romania"
"GM","Cem Kaan Gokerkan","2523 | #507","Türkiye"
"GM","Ido Gorshtein","2523 | #507","Israel"
"GM","Christopher Lutz","2523 | #507","Germany"
"GM","Hugo Ten Hertog","2523 | #507","Netherlands"
"GM","Tigran K Harutyunian","2523 | #507","Armenia"
"GM","Matej Sebenik","2523 | #507","Slovenia"
"GM","Jan H Timman","2522 | #518","Netherlands"
"GM","Adham Fawzy","2522 | #518","Egypt"
"GM","Sankalp Gupta","2522 | #518","India"
"GM","Casper Schoppen","2522 | #518","Netherlands"
"IM","Toivo Keinanen","2522 | #518","Finland"
"GM","Twan Burg","2522 | #518","Netherlands"
"GM","Dmitry Gordievsky","2522 | #518","Russia"
"GM","Raja Harshit","2522 | #518","India"
"GM","Arman Mikaelyan","2521 | #526","Armenia"
"GM","Julen Luis Arizmendi Martinez","2521 | #526","Spain"
"GM","Mihail Nikitenko","2521 | #526","Belarus"
"GM","Aleksandr Lenderman","2521 | #526","United States"
"GM","Vitaly Kunin","2521 | #526","Germany"
"","Amirreza Pour Agha Bala","2521 | #526","Iran"
"GM","Tomas Polak","2520 | #532","Czech Republic"
"GM","Ibro Saric","2520 | #532","Bosnia-Herzegovina"
"IM","Justin Wang","2520 | #532","United States"
"GM","Edvins Kengis","2520 | #532","Latvia"
"GM","Bartlomiej Macieja","2520 | #532","Poland"
"GM","Robin Swinkels","2520 | #532","Netherlands"
"IM","Renato Terry","2520 | #532","Peru"
"GM","Marcin Krzyzanowski","2519 | #539","Poland"
"GM","Lance Henderson de La Fuente","2519 | #539","Andorra"
"GM","Marcin Krzyzanowski","2519 | #539","Poland"
"GM","Ante Saric","2519 | #539","Croatia"
"GM","Leon Mons","2519 | #539","Germany"
"GM","Ulf Andersson","2518 | #544","Sweden"
"GM","Fidel Corrales Jimenez","2518 | #544","United States"
"GM","Ivan Ivanisevic","2517 | #546","Serbia"
"GM","Neuris Delgado Ramirez","2517 | #546","Paraguay"
"GM","Dusko Pavasovic","2517 | #546","Slovenia"
"GM","Nicolas D Checa","2517 | #546","United States"
"GM","Aleksander Mista","2517 | #546","Poland"
"GM","Denis Makhnyov","2516 | #551","Kazakhstan"
"GM","Bilel Bellahcene","2516 | #551","Algeria"
"GM","Roberto Garcia Pantoja","2516 | #551","Colombia"
"GM","Erik Blomqvist","2515 | #554","Sweden"
"IM","Vladislav Nozdrachev","2515 | #554","Russia"
"GM","Bharath Subramaniyam","2515 | #554","India"
"GM","Bayarsaikhan Gundavaa","2515 | #554","Mongolia"
"GM","Ihor Samunenkov","2515 | #554","Ukraine"
"GM","P Iniyan","2515 | #554","India"
"GM","Renato R Quintiliano Pinto","2515 | #554","Brazil"
"GM","Luka Paichadze","2515 | #554","Georgia"
"GM","Christopher Repka","2514 | #562","Slovakia"
"GM","Zurab Sturua","2514 | #562","Georgia"
"GM","Maxim Dlugy","2514 | #562","United States"
"GM","Christopher Repka","2514 | #562","Slovakia"
"IM","Tadeas Kriebel","2514 | #562","Czech Republic"
"GM","Jose Fernando Cuenca Jimenez","2514 | #562","Spain"
"GM","Maxim Dlugy","2514 | #562","United States"
"GM","Adrien Demuth","2514 | #562","France"
"GM","Boris Savchenko","2513 | #571","Russia"
"GM","Grigor Grigorov","2513 | #571","Bulgaria"
"GM","Igor Novikov","2513 | #571","United States"
"","Renjie Huang","2513 | #571","China"
"GM","Victor Mikhalevski","2513 | #571","Israel"
"GM","Alija Muratovic","2513 | #571","Serbia"
"GM","Renier Vazquez Igarza","2513 | #571","Spain"
"GM","Dmitry Bocharov","2513 | #571","Russia"
"GM","Luc Winants","","Belgium"
"GM","Kjetil Aleksander Lie","2512 | #579","Norway"
"GM","Raymond Song","2512 | #579","China"
"GM","Yannick Pelletier","2512 | #579","Switzerland"
"GM","Sabino Brunello","2512 | #579","Italy"
"GM","Mariya Muzychuk","2511 | #583","Ukraine"
"IM","Samant Aditya S","2511 | #583","India"
"GM","Ivan Schitco","2511 | #583","Moldova"
"GM","Sune Berg Hansen","2511 | #583","Denmark"
"GM","Hipolito Asis Gargatagli","2511 | #583","Spain"
"GM","Ernesto Fernandez Romero","","Spain"
"GM","Xiu Deshun","2510 | #588","China"
"GM","Dawit Schengelia","2510 | #588","Austria"
"GM","Youri Solodovnitchenko","2510 | #588","Ukraine"
"GM","Justin Tan","2510 | #588","Australia"
"IM","Zhihang Xu","2509 | #592","China"
"IM","Ameet K Ghasi","2509 | #592","England"
"GM","Pavel Vorontsov","2509 | #592","Ukraine"
"GM","Zoltan Medvegy","2509 | #592","Hungary"
"GM","Alisher Suleymenov","2509 | #592","Kazakhstan"
"GM","Ioannis Nikolaidis","2509 | #592","Greece"
"GM","Andrey Sumets","2509 | #592","Ukraine"
"GM","Arjun Kalyan","2509 | #592","India"
"GM","Stelios Halkias","2508 | #600","Greece"
"GM","Michael Prusikin","2508 | #600","Germany"
"GM","Marcin Dziuba","2508 | #600","Poland"
"IM","Jan Subelj","2508 | #600","Slovenia"
"GM","Wan Yunguo","2508 | #600","China"
"GM","Tornike Sanikidse","2508 | #600","Georgia"
"GM","Gilberto Hernandez Guerrero","2507 | #606","Mexico"
"IM","Irakli Beradze","2507 | #606","Georgia"
"GM","Eugene Perelshteyn","2507 | #606","United States"
"GM","Pascal Charbonneau","","Canada"
"GM","Tanguy Ringoir","2507 | #606","Belgium"
"GM","Nana Dzagnidze","2506 | #610","Georgia"
"GM","Namig Guliyev","2506 | #610","Azerbaijan"
"IM","Florian Kaczur","2506 | #610","Hungary"
"GM","Andres Carlos Obregon","2506 | #610","Argentina"
"GM","Omar Almeida Quintana","2506 | #610","Cuba"
"GM","Igor Janik","2505 | #616","Poland"
"GM","Amirreza Pourramezanali","2505 | #616","Iran"
"GM","Andrei Shchekachev","2505 | #616","France"
"GM","Guha Mitrabha","2505 | #616","India"
"GM","Anna Muzychuk","2504 | #620","Ukraine"
"IM","Marko Nenezic","2504 | #620","Serbia"
"GM","Mamikon Gharibyan","2504 | #620","Armenia"
"FM","Ivan Yeletsky","2504 | #620","Russia"
"GM","Emanuel Berg","2504 | #620","Sweden"
"IM","Saparmyrat Atabayev","2504 | #620","Turkmenistan"
"GM","Artem Iljin","2504 | #620","Montenegro"
"GM","Susanto Megaranto","2504 | #620","Indonesia"
"GM","Abdimalik Abdisalimov","2503 | #628","Uzbekistan"
"GM","Igor Khenkin","2503 | #628","Germany"
"GM","Sahaj Grover","2503 | #628","India"
"GM","Tomasz Markowski","2503 | #628","Poland"
"GM","Frode Olav Olsen Urkedal","2503 | #628","Norway"
"IM","Sebastian Iermito","2503 | #628","Italy"
"GM","M Pranesh","2503 | #628","India"
"GM","Andrey Orlov","2503 | #628","FIDE"
"GM","Martijn Dambacher","2502 | #636","Netherlands"
"GM","Thomas Beerdsen","2502 | #636","Netherlands"
"GM","Volodymyr Vetoshko","2502 | #636","Ukraine"
"GM","Sergei Lobanov","2502 | #636","FIDE"
"GM","Alexandra Kosteniuk","2501 | #641","Switzerland"
"GM","Pawel Czarnota","2501 | #641","Poland"
"GM","Ahmad Ahmadzada","2501 | #641","Azerbaijan"
"GM","Dylan Isidro Berdayes Ason","2501 | #641","Cuba"
"GM","Vignesh N R","2501 | #641","India"
"GM","Aleksey Goganov","2501 | #641","Russia"
"GM","Dai Changren","2501 | #641","China"
"GM","Harika Dronavalli","2500 | #648","India"
"GM","Dusan Popovic","2500 | #648","Serbia"
"GM","Marcin Tazbir","2500 | #648","Poland"
"IM","Emin Ohanyan","2500 | #648","Armenia"
"GM","Jose Angel Guerra Mendez","2500 | #648","Spain"
"GM","Elier Miranda Mesa","2500 | #648","Cuba"
"IM","Isik Can","2500 | #648","Türkiye"
"GM","Philipp Schlosser","2500 | #648","Germany"
"IM","Brian Sebasti Escalante Ramirez","2500 | #648","Peru"
"GM","Xu Yi","2500 | #648","China"
"GM","Santiago Avila Pavas","2500 | #648","Colombia"
"GM","Nikolas Lubbe","2500 | #648","Germany"
"IM","Valentin Baidetskyi","2499 | #660","Austria"
"GM","Zhao Zong-Yuan","2499 | #660","Australia"
"GM","Anthony Wirig","2499 | #660","France"
"GM","Martin Petrov","2499 | #660","Bulgaria"
"GM","A Koushik Girish","2499 | #660","India"
"IM","Roman Kezin","2499 | #660","Russia"
"IM","Guillaume Lamard","2499 | #487","France"
"GM","Zhu Jin'er","2498 | #667","China"
"GM","Konstantine Shanava","2498 | #667","Georgia"
"GM","Alessio Valsecchi","2498 | #667","Italy"
"GM","Ravi Haria","2498 | #667","England"
"GM","Vitali Golod","2498 | #667","Israel"
"GM","Aliaksei Charnushevich","2498 | #667","France"
"GM","Andreas Kelires","2498 | #667","Greece"
"IM","Arsen Kukhmazov","2498 | #667","FIDE"
"GM","Giga Quparadze","2498 | #667","Georgia"
"IM","Joris Brenninkmeijer","2498 | #667","Netherlands"
"GM","Jordi Magem Badals","2498 | #667","Spain"
"GM","Alexander Naumann","2498 | #667","Germany"
"GM","Cristhian Cruz","2498 | #667","Peru"
"GM","Sundar M Shyam","2497 | #680","India"
"IM","Sebastien Cossin","","France"
"IM","Bojan Maksimovic","2497 | #680","Bosnia-Herzegovina"
"IM","Samir Sahidi","2497 | #680","Slovakia"
"IM","Polina Shuvalova","2496 | #683","Russia"
"IM","Ariel Erenberg","2496 | #683","Israel"
"GM","Marcel Kanarek","2496 | #683","Poland"
"IM","Daniel Pulvett Marin","2496 | #683","Spain"
"GM","Arkadiusz Leniart","2496 | #683","Poland"
"GM","Dmitry Frolyanov","2495 | #689","FIDE"
"GM","Daniel Alsina Leal","2495 | #689","Spain"
"GM","David Klein","2495 | #689","Netherlands"
"GM","Daniel Sadzikowski","2495 | #689","Poland"
"IM","Yevgeniy Roshka","2495 | #689","Ukraine"
"GM","Aleksei Pridorozhni","2494 | #694","Russia"
"GM","Oskar Wieczorek","2494 | #694","Poland"
"GM","Mikhail Bryakin","2494 | #694","Serbia"
"GM","Andrei Murariu","2494 | #694","Romania"
"GM","Fabien Libiszewski","2494 | #694","France"
"GM","Rafael Vaganian","2493 | #699","Armenia"
"GM","Andrey Gorovets","2493 | #699","Belarus"
"GM","Csaba Horvath","2493 | #699","Hungary"
"GM","Gergely-Andras-Gyula Szabo","2493 | #699","Romania"
"IM","Carles Diaz Camallonga","2493 | #699","Spain"
"IM","Shawn Rodrigue-Lemieux","2493 | #699","Canada"
"IM","Joseph Girel","2492 | #705","France"
"GM","David Brodsky","2492 | #705","United States"
"GM","Seyed Khalil Mousavi","2492 | #705","Iran"
"IM","Read Samadov","2492 | #705","Azerbaijan"
"IM","Yeoh Li Tian","2492 | #705","Malaysia"
"GM","Pierre Bailet","2492 | #705","France"
"IM","Read Samadov","2492 | #705","Azerbaijan"
"GM","Laszlo Gonda","2491 | #713","Hungary"
"GM","Evandro Amorim Barbosa","2491 | #713","Brazil"
"IM","V S Rathanvel","2491 | #713","India"
"GM","Tiger Hillarp Persson","2491 | #713","Sweden"
"GM","Hedinn Steingrimsson","2491 | #713","Iceland"
"GM","Andre Diamant","2491 | #713","Brazil"
"GM","Vlad-Cristian Jianu","2491 | #713","Romania"
"","Sergey Trushnikov","2491 | #713","Russia"
"GM","Djurabek Khamrakulov","2491 | #713","Uzbekistan"
"GM","Jacek Gdanski","2490 | #722","Poland"
"GM","Ermes Espinosa Veloz","2490 | #722","Cuba"
"GM","Joel Benjamin","2490 | #722","United States"
"GM","Vladimir Belous","2490 | #722","Russia"
"GM","Lars Oskar Hauge","2490 | #722","Norway"
"GM","Eduardas Rozentalis","2490 | #722","Lithuania"
"GM","Sarunas Sulskis","2490 | #722","Lithuania"
"GM","Tal Baron","2490 | #722","Israel"
"GM","Slavko Cicak","2490 | #722","Sweden"
"IM","Henry Soto Hernandez","2490 | #722","Cuba"
"GM","Akshat Chandra","2489 | #732","United States"
"IM","Bryce Tiglon","2489 | #732","United States"
"GM","Miloje Ratkovic","2489 | #732","Serbia"
"GM","Igor Miladinovic","2489 | #732","Serbia"
"IM","Yair Parkhov","2489 | #732","Israel"
"GM","Viacheslav Tilicheev","2489 | #732","Serbia"
"IM","Alejandro Moreno Trujillo","2489 | #732","Spain"
"GM","Dmitriy Khegay","2489 | #732","Russia"
"GM","Lukasz Cyborowski","2489 | #732","Poland"
"GM","Abdulla Gadimbayli","2489 | #732","Azerbaijan"
"GM","Dmitri Maksimov","","Ukraine"
"GM","Ivan Morovic Fernandez","2488 | #744","Chile"
"GM","Manuel Pena Gomez","2488 | #744","Spain"
"GM","David C Smerdon","2488 | #744","Australia"
"IM","Mukhiddin Madaminov","2488 | #744","Uzbekistan"
"GM","Chen Lin","2488 | #744","China"
"GM","Marco Baldauf","2488 | #744","Germany"
"GM","Jon S Speelman","2487 | #750","England"
"GM","Axel Delorme","2487 | #750","France"
"GM","Paul Velten","2487 | #750","France"
"GM","Eldar Gasanov","2487 | #750","Ukraine"
"IM","Kazybek Nogerbek","2487 | #750","Kazakhstan"
"GM","Isan Reynaldo Ortiz Suarez","2486 | #755","Cuba"
"IM","Sarasadat Khademalsharieh","2486 | #755","Spain"
"GM","Valeriy Aveskulov","2486 | #755","Ukraine"
"GM","Zoltan Ribli","2486 | #755","Hungary"
"IM","Jan Vykouk","2486 | #755","Czech Republic"
"IM","David Gorodetzky","2486 | #755","Israel"
"GM","Radoslav Dimitrov","2486 | #755","Bulgaria"
"IM","Maximilian Berchtenbreiter","2486 | #755","Germany"
"GM","Vojtech Plat","2486 | #755","Czech Republic"
"GM","Gamil Agamaliev","2486 | #755","Türkiye"
"GM","Alexander Stripunsky","2486 | #755","United States"
"GM","Chanda Sandipan","2486 | #755","India"
"GM","Yevgeny A Levin","","Russia"
"FM","Leonardo Costa","2485 | #770","Germany"
"IM","Prraneeth Vuppala","2485 | #770","India"
"IM","Wang Chen","2485 | #770","China"
"GM","Vasil Spasov","2485 | #770","Bulgaria"
"IM","Shay Porat","2484 | #774","Israel"
"GM","Aleksandr Shneider","2484 | #774","Ukraine"
"IM","Vladyslav Larkin","2484 | #774","Ukraine"
"GM","Ehsan Ghaem Maghami","2484 | #774","Iran"
"IM","Saveliy Golubov","2484 | #774","Russia"
"IM","Tomas Kraus","2484 | #774","Czech Republic"
"IM","Kristian Stuvik Holm","2484 | #774","Norway"
"GM","Hagen Poetsch","2484 | #774","Germany"
"GM","Arnaud Hauchard","2484 | #774","France"
"GM","Lucian-Costin Miron","2483 | #783","Romania"
"IM","Roi Reinaldo Castineira","2483 | #783","Spain"
"GM","Novendra Priasmoro","2483 | #783","Indonesia"
"IM","Hing Ting Lai","2483 | #783","Netherlands"
"GM","Praveen Balakrishnan","2483 | #783","United States"
"GM","Hans Tikkanen","2483 | #783","Sweden"
"GM","Tuan Minh Tran","2483 | #783","Vietnam"
"GM","Mihajlo Stojanovic","2483 | #783","Serbia"
"GM","Danyyil Dvirnyy","2482 | #791","Italy"
"GM","Zbigniew Pakleza","2482 | #791","Poland"
"GM","Oliver Barbosa","2482 | #791","Philippines"
"IM","Novak Pezelj","2482 | #791","Serbia"
"GM","Manuel Apicella","2482 | #791","France"
"IM","Ruben Gideon Koellner","2482 | #791","Germany"
"GM","Ulvi Sadikhov","2482 | #791","Azerbaijan"
"GM","Mladen Palac","2482 | #791","Croatia"
"GM","Nikola Nestorovic","2482 | #791","Serbia"
"IM","Vignir Vatnar Stefansson","2482 | #791","Iceland"
"GM","Masoud Mosadeghpour","2482 | #791","Iran"
"GM","Pier Luigi Basso","2482 | #791","Italy"
"GM","Aryan Gholami","2481 | #803","Iran"
"IM","Yuriy Baikovsky","2481 | #803","Ukraine"
"GM","Alexander Berelovich","2481 | #803","Germany"
"GM","Yu Shaoteng","2481 | #803","China"
"IM","Kristof Juhasz","2481 | #803","Hungary"
"GM","Gergely Aczel","2481 | #803","Hungary"
"GM","Vladimir Lazarev","2481 | #803","France"
"GM","Luka Draskovic","2481 | #803","Montenegro"
"IM","Nikolaj Mikkelsen","2480 | #813","Denmark"
"GM","Vladimir Burmakin","2480 | #813","Russia"
"GM","Kevin Spraggett","2480 | #813","Canada"
"GM","Yu Ruiyuan","2480 | #813","China"
"IM","Andy Woodward","2480 | #813","United States"
"GM","Juan Carlos Gonzalez Zamora","2480 | #813","Mexico"
"IM","Maximilian Neef","2480 | #813","Germany"
"IM","Borya Ider","2480 | #813","France"
"IM","Diego Rafael Di Berardino","2480 | #813","Brazil"
"GM","Holden Hernandez Carmenate","2479 | #822","United States"
"IM","Pablo Ismael Acosta","2479 | #822","Argentina"
"GM","S Dhopade Swapnil","2479 | #822","India"
"IM","Balazs Csonka","2479 | #822","Hungary"
"IM","Mariano Ortega Amarelle","2478 | #826","Cape Verde"
"IM","Jaroslav Prizant","2478 | #826","Russia"
"GM","Stefan Bromberger","2478 | #826","Germany"
"IM","Nikolay Noritsyn","2478 | #826","Canada"
"GM","Krasimir Rusev","2478 | #826","Bulgaria"
"IM","Ioannis Georgiadis","2478 | #826","Switzerland"
"GM","William N Watson","2478 | #826","England"
"GM","Tamas Jr Fodor","2477 | #833","Hungary"
"","Bhattacharyya Soham","2477 | #833","India"
"GM","Helgi Ass Gretarsson","2477 | #833","Iceland"
"GM","Jose Gabriel Cardoso Cardoso","2477 | #833","Colombia"
"IM","Artur Davtyan","2477 | #833","Armenia"
"IM","Dr Christian Seel","2477 | #833","Germany"
"GM","Robert Zelcic","2477 | #833","Croatia"
"GM","Maciej Klekowski","2477 | #833","Poland"
"GM","Clovis Vernay","2477 | #833","Switzerland"
"GM","Eric Lobron","2476 | #842","Germany"
"GM","Danny Raznikov","2476 | #842","Israel"
"GM","Jonathan Westerberg","2476 | #842","Sweden"
"GM","Alexander Beliavsky","2475 | #845","Slovenia"
"IM","Hampus Sorensen","2475 | #845","Sweden"
"IM","Safal Bora","2475 | #845","United States"
"GM","Emil Mirzoev","2475 | #845","Ukraine"
"GM","Juan Carlos Obregon Rivero","2475 | #845","Mexico"
"IM","Milos Stankovic","2475 | #845","Serbia"
"GM","Toms Kantans","2475 | #845","Latvia"
"GM","Jose Rafael Gascon Del Nogal","2475 | #845","Venezuela"
"GM","Benjamin Arvola Notkevich","2475 | #845","Norway"
"GM","Luka Budisavljevic","2475 | #845","Serbia"
"GM","Razvan Preotu","2475 | #845","Canada"
"GM","Andrey Drygalov","2475 | #845","Russia"
"GM","Momchil Nikolov","2475 | #845","Bulgaria"
"GM","Deep Sengupta","2474 | #858","India"
"GM","Oleg Korneev","2474 | #858","Spain"
"IM","Sergey Pavlov","2474 | #858","Ukraine"
"IM","Matthias Dann","2474 | #858","Germany"
"IM","Robert Baskin","2474 | #858","Germany"
"IM","Khazar Babazada","2474 | #858","Azerbaijan"
"GM","Andrei Sokolov","2473 | #864","France"
"GM","Jan Votava","2473 | #864","Czech Republic"
"IM","Milosz Szpar","2473 | #864","Poland"
"GM","Friso Nijboer","2473 | #864","Netherlands"
"GM","Gad Rechlis","2473 | #864","Israel"
"GM","Jean-Pierre Le Roux","2473 | #864","France"
"GM","Vladimir Hamitevici","2472 | #870","Moldova"
"GM","Pedro Antonio Gines Esteo","2472 | #870","Spain"
"IM","Bibisara Assaubayeva","2472 | #870","Kazakhstan"
"GM","A Jonathan Mestel","","England"
"GM","G A Stany","2472 | #870","India"
"IM","Geir Sune Tallaksen Ostmoe","2472 | #870","Norway"
"GM","Martin Petr","2472 | #870","Czech Republic"
"GM","Pawel Jaracz","2472 | #870","Poland"
"GM","Samy Shoker","2472 | #870","Egypt"
"IM","Roven Vogel","2471 | #878","Germany"
"GM","Michael Bezold","2471 | #878","Germany"
"IM","Miguoel Admiraal","2471 | #878","Netherlands"
"IM","Augustin Droin","2471 | #878","France"
"GM","Michael Bezold","2471 | #878","Germany"
"IM","Roven Vogel","2471 | #878","Germany"
"GM","Lars Schandorff","2471 | #878","Denmark"
"IM","Eyal Grinberg","2471 | #878","Israel"
"GM","Dmitry Kryakvin","2471 | #878","Russia"
"IM","Mihnea Costachi","2471 | #878","Romania"
"GM","Laurent Guidarelli","2471 | #878","France"
"GM","Robert Andrew Hungaski","2471 | #878","United States"
"GM","Milos Roganovic","2470 | #892","Serbia"
"GM","Rodrigo Vasquez Schroeder","2470 | #892","Chile"
"IM","Julian Kramer","2470 | #892","Germany"
"IM","Vojtech Zwardon","2470 | #892","Czech Republic"
"IM","Mahdi Gholami Orimi","2470 | #892","Iran"
"IM","Alexander Krastev","2470 | #892","Germany"
"GM","Evgeny Zanan","2470 | #892","Israel"
"GM","Salvador Alonso","2470 | #892","Argentina"
"GM","Xu Jun","2470 | #892","China"
"GM","Viatcheslav Ikonnikov","2469 | #901","FIDE"
"IM","Raja Panjwani","2469 | #901","Canada"
"IM","Alejandro Alvarado Diaz","2469 | #901","Spain"
"IM","Cyril Ponizil","2469 | #901","Czech Republic"
"GM","Alexander Shabalov","2469 | #901","United States"
"IM","Ma Zhonghan","2469 | #901","China"
"GM","Henrik Danielsen","2469 | #901","Iceland"
"IM","Johannes Haug","2469 | #901","Norway"
"IM","Alexander Zabotin","2469 | #901","Russia"
"GM","Dr Jan Michael Sprenger","2468 | #912","Germany"
"GM","Zhansaya Abdumalik","2468 | #912","Kazakhstan"
"IM","Alina Kashlinskaya","2468 | #912","Poland"
"IM","Roman Bar","2468 | #912","Israel"
"GM","Israel Caspi","2468 | #912","Israel"
"GM","Robert Rabiega","2468 | #912","Germany"
"IM","Ilja Schneider","2468 | #912","Germany"
"IM","Juraj Druska","2468 | #912","Slovakia"
"IM","Renier Castellanos Rodriguez","2468 | #912","Spain"
"WGM","Dinara Wagner","2468 | #912","Germany"
"IM","Richard Forster","2468 | #912","Switzerland"
"GM","Luis Galego","2468 | #912","Portugal"
"IM","Pierre Petitcunot","2468 | #912","France"
"IM","Tor Fredrik Kaasen","2468 | #912","Norway"
"IM","Harry Grieve","2468 | #912","England"
"GM","Nikolaus Stanec","2468 | #912","Austria"
"GM","Moulthun Ly","2468 | #912","Australia"
"IM","Jorge Roberto Elias Reyes","2468 | #912","Cuba"
"GM","Bela Khotenashvili","2467 | #931","Georgia"
"GM","Simon Williams","2467 | #931","England"
"GM","Viacheslav V Zakhartsov","2467 | #931","FIDE"
"IM","Aljoscha Feuerstack","2467 | #931","Germany"
"GM","Krzysztof Jakubowski","2467 | #931","Poland"
"GM","Meilis Annaberdiev","2467 | #931","Turkmenistan"
"GM","Shahin Lorparizangeneh","2467 | #931","Iran"
"IM","Samuel-Timotei Ghimpu","2467 | #931","Romania"
"IM","Shyaamnikhil P","2467 | #931","India"
"IM","Qi Chen b","2467 | #931","China"
"GM","Shardul Annasaheb Gagare","2467 | #931","India"
"IM","Meri Arabidze","2466 | #942","Georgia"
"IM","Pere Garriga Cazorla","2466 | #942","Spain"
"GM","Yago De Moura Santiago","2466 | #942","Brazil"
"IM","Marcos Camacho Collados","2466 | #942","Spain"
"GM","Sumiya Bilguun","2466 | #942","Mongolia"
"IM","Patrick Zelbel","2466 | #942","Germany"
"GM","Magesh Chandran Panchanathan","2466 | #942","India"
"GM","Daan Brandenburg","2466 | #942","Netherlands"
"IM","Jung Min Seo","2466 | #942","Sweden"
"GM","Semen I Dvoirys","2466 | #942","Russia"
"GM","Tiberiu-Marian Georgescu","2466 | #942","Romania"
"IM","Nderim Saraci","2466 | #942","Kosovo"
"FM","Roman Yanchenko","2466 | #942","Russia"
"IM","Kaan Kucuksari","2465 | #955","Sweden"
"IM","Mario Villanueva","2465 | #955","Argentina"
"GM","Baris Esen","2465 | #955","Türkiye"
"IM","Tagir Salemgareev","2465 | #955","Russia"
"GM","Trajko Nedev","2465 | #955","North Macedonia"
"GM","Dan Zoler","2465 | #955","Israel"
"GM","Sergey Volkov","2464 | #963","Russia"
"IM","Sam E Collins","2464 | #963","Ireland"
"IM","Fy Antenaina Rakotomaharo","2464 | #963","Madagascar"
"IM","Yahli Sokolovsky","2464 | #963","Israel"
"IM","Istvan Sipos","2464 | #963","Hungary"
"GM","Kevin Joel Cori Quispe","2464 | #963","Peru"
"GM","Boban Bogosavljevic","2464 | #963","Serbia"
"GM","Pablo Salinas Herrera","2464 | #963","Chile"
"GM","Nikita Maiorov","2464 | #963","FIDE"
"IM","Marcus R Harvey","2464 | #963","England"
"GM","Deivy Vera Siguenas","2463 | #973","Peru"
"GM","Josep Manuel Lopez Martinez","2463 | #973","Spain"
"IM","Douglas Root","2463 | #973","United States"
"GM","Artur Kogan","2463 | #973","Israel"
"IM","Boris Markoja","2463 | #973","Slovenia"
"IM","Georg Froewis","2463 | #973","Austria"
"IM","Omer Reshef","2463 | #973","Israel"
"IM","Radoslaw Gajek","2462 | #980","Austria"
"GM","Bator Sambuev","2462 | #980","Canada"
"IM","William Hernandez Gonzalez","2462 | #980","Cuba"
"IM","Mihajlo Radovanovic","2462 | #980","Serbia"
"GM","Sergei Zablotsky","2461 | #986","Russia"
"GM","Sergei Yudin","2461 | #986","Russia"
"GM","Boris Khartchenko","","Ukraine"
"IM","Michel Alejandro Diaz Perez","2461 | #986","Cuba"
"IM","Loic Travadon","2461 | #986","France"
"IM","Zhandos Agmanov","2461 | #986","Kazakhstan"
"IM","Arystanbek Urazayev","2460 | #991","Kazakhstan"
"GM","Luis Lazaro Aguero Jimenez","2460 | #991","Cuba"
"IM","Dennis Kaczmarczyk","2460 | #991","Germany"
"GM","Frank Holzke","2460 | #991","Germany"
"IM","Andrei Macovei","2460 | #991","Moldova"
"GM","Johann Hjartarson","2460 | #991","Iceland"
"IM","Albert Bokros","2460 | #991","Hungary"
"GM","Vitaly Sivuk","2459 | #998","Sweden"
"IM","Artyom Zubritskiy","2459 | #998","FIDE"
"IM","Jakub Fus","2459 | #998","Poland"
"GM","Rafal Antoniewski","2459 | #998","Poland"
"GM","Michael Feygin","2459 | #998","Germany"
"GM","Aleksa Strikovic","2459 | #998","Serbia"
"IM","Ramil Faizrakhmanov","2458 | #1004","Russia"
"IM","Nikoloz Petriashvili","2458 | #1004","Georgia"
"IM","Muthaiah AL","2458 | #1004","India"
"GM","Mackenzie Molner","2458 | #1004","United States"
"GM","Milos Jirovsky","2458 | #1004","Czech Republic"
"GM","Tsegmed Batchuluun","2458 | #1004","Mongolia"
"GM","Zhao Xue","2457 | #1011","China"
"IM","Himal Gusain","2457 | #1011","India"
"GM","Asghar Golizadeh","2457 | #1011","Iran"
"GM","Boris Chatalbashev","2457 | #1011","Denmark"
"CM","Aaditya Dhingra","2457 | #1011","India"
"GM","Daniel Semcesen","2457 | #1011","Sweden"
"IM","Rishi Sardana","2457 | #1011","Australia"
"GM","Thomas Roussel-Roozmon","2457 | #1011","Canada"
"GM","Alexei Fedorov","2457 | #1011","Belarus"
"IM","Attila Vertetics","2457 | #1011","Hungary"
"GM","Gabor Kallai","","Hungary"
"GM","Evgeny Sveshnikov","","Russia"
"FM","Diego Macias Pino","2456 | #1021","Spain"
"IM","Svyatoslav Bazakutsa","2456 | #1021","Ukraine"
"IM","Joan Fluvia Poyatos","2456 | #1021","Spain"
"IM","Darko Doric","2456 | #1021","Croatia"
"GM","Mikhail Krylov","2456 | #1021","Russia"
"GM","Ilja Zaragatski","2456 | #1021","Germany"
"IM","Zhao Yuanhe","2456 | #1021","China"
"GM","Henrik Teske","2456 | #1021","Germany"
"IM","Sam A Schmakel","2455 | #1029","United States"
"GM","Alon Greenfeld","2455 | #1029","Israel"
"","Haowen Xue","2455 | #1029","China"
"FM","Igor Zuyev","2455 | #1029","Germany"
"GM","Uwe Boensch","2455 | #1029","Germany"
"GM","Zenon Franco Ocampos","2455 | #1029","Paraguay"
"GM","Jean-Marc Degraeve","2455 | #1029","France"
"GM","Dimitri Komarov","","Ukraine"
"IM","Arnaldo Fernandez De La Vara","2455 | #1029","Cuba"
"IM","Mikael Agopov","2454 | #1038","Finland"
"GM","Artem Chernobay","2454 | #1038","Russia"
"IM","Juan Plazuelo Pascual","2454 | #1038","Spain"
"IM","Daniel Gurevich","2454 | #1038","United States"
"GM","Raven M Sturt","2454 | #1038","United States"
"IM","A Ra Harikrishnan","2454 | #1038","India"
"IM","Leonid M Sokolin","2454 | #1038","United States"
"GM","Vladimir Dobrov","2454 | #1038","Russia"
"IM","Tsvetan Stoyanov","2454 | #1038","Bulgaria"
"GM","Dalibor Stojanovic","2454 | #1038","Bosnia-Herzegovina"
"IM","Diogo Fernando","2453 | #1048","Portugal"
"GM","Daniel Hausrath","2453 | #1048","Germany"
"IM","David Pardo Simon","2453 | #1048","Spain"
"GM","Aleksandr Volodin","2453 | #1048","Estonia"
"GM","Aleksandar Kovacevic","2453 | #1048","Serbia"
"IM","James Morris","2453 | #1048","Australia"
"IM","Vladislav Bakhmatsky","2453 | #1048","Ukraine"
"FM","Rajat Makkar","2453 | #1048","France"
"IM","Julio Suarez Gomez","2453 | #1048","Spain"
"IM","Tobias Koelle","2453 | #1048","Germany"
"GM","Vasilios Kotronias","2453 | #1048","Greece"
"IM","Dmitry V Sklyarov","2453 | #1048","Finland"
"IM","Alparslan Isik","2452 | #1063","Türkiye"
"IM","Vaishali R","2452 | #1063","India"
"GM","Mishra Swayams","2452 | #1063","India"
"IM","Filip Pancevski","2452 | #1063","North Macedonia"
"IM","Jubin Jimmy","2452 | #1063","India"
"","Tong Xiao","2452 | #1063","China"
"IM","Tigran S Petrosyan","2452 | #1063","Armenia"
"","Radoslaw Psyk","2452 | #1063","Poland"
"IM","Benoit Lepelletier","2452 | #1063","France"
"IM","Eray Kilic","2452 | #1063","Türkiye"
"GM","Gudmundur Kjartansson","2452 | #1063","Iceland"
"GM","Sergey Kasparov","2452 | #1063","FIDE"
"IM","Xianliang Xu","2452 | #1063","Germany"
"IM","Martin Lokander","2452 | #1063","Sweden"
"GM","Pavel Simacek","2452 | #1063","Czech Republic"
"GM","Murtas Kazhgaleyev","2452 | #1063","Kazakhstan"